101,STANDARD,85.0,1,"Queen Bed, Ensuite Bath, High-Speed Wi-Fi, 43-inch Smart TV"
102,STANDARD,85.0,1,"Queen Bed, Ensuite Bath, High-Speed Wi-Fi, Coffee Maker"
103,STANDARD,90.0,1,"Two Twin Beds, Garden View, High-Speed Wi-Fi, Ensuite Bath"
201,DELUXE,145.0,2,"King Bed, Skyline View, Mini-Bar, Work Desk, Nespresso"
202,DELUXE,145.0,2,"King Bed, City View, Marble Bath, Mini-Bar, Smart TV"
203,DELUXE,155.0,2,"King Bed, Private Balcony, Espresso Machine, City View"
301,SUITE,260.0,3,"Master Bedroom, Living Area, Deep Soaking Tub, Panoramic View"
302,SUITE,280.0,3,"Penthouse Suite, Private Terrace, Butler Service, Kitchenette"
401,FAMILY,320.0,4,"Two Interconnected Bedrooms, Kitchenette, Dining Area, 2 Baths"
402,FAMILY,340.0,4,"Two King Bedrooms, Large Balcony, Kitchenette, Lounge Space"
